﻿<?xml version="1.0" encoding="UTF-8" standalone="yes"?>
<addon id="Cloister.repository" name="Cl0ister.repository" version="0.0.1" provider-name="Cl0ister">
	<extension point="xbmc.addon.repository" name="Cl0ister Repo">
		<info compressed="false">https://raw.githubusercontent.com/Cl0ister/Cl0ister/master/addons.xml</info>
		<checksum>https://raw.githubusercontent.com/Cl0ister/Cl0ister/master/addons.xml.md5</checksum>
		<datadir zip="true">https://raw.githubusercontent.com/Cl0ister/Cl0ister/master/</datadir>
	</extension>
	<extension point="xbmc.addon.metadata">
		<summary>Cloister Repo</summary>
		<description>Addon Description</description>
		<disclaimer></disclaimer>
		<platform>all</platform>
	</extension>
</addon>